Material Type,Cost,Strength,Durability,Environmental Impact,Recyclability,Sustainability Rating
Concrete,153.74637578491564,97.42542918593448,20,High,Yes,Low
Steel,350.4848807546477,20.56079567353303,9,Medium,No,Medium
Steel,623.6166401657165,66.92097418300021,30,High,Yes,Low
Steel,783.9744471176855,13.251319235770543,42,High,Yes,Low
Wood,1453.7469290271333,85.95870623580298,33,High,No,Low
Steel,1306.6900127788924,28.175385743103423,8,Low,No,Low
Wood,417.2334981145803,39.686170731112114,16,High,Yes,Low
Concrete,1042.5485599245712,22.40475570479063,41,Low,No,Low
Concrete,1205.310059559722,12.278271263642214,34,Medium,Yes,Medium
Steel,485.4386461495533,11.235348414041034,36,High,No,Low
Concrete,733.3597505662489,36.90671392063622,49,Medium,Yes,Medium
Steel,1089.706778359538,63.62945357845153,9,Low,No,Low
Wood,860.7586477465877,32.10465537066679,37,Medium,Yes,Medium
Wood,1173.5060885935554,52.42447761612457,19,Medium,Yes,Medium
Concrete,828.5222249097119,56.76594524135534,32,Medium,No,Medium
Concrete,891.5449123200611,30.7168722271978,36,Low,No,Low
Steel,1077.4173450514447,14.718966004548026,8,Medium,No,Medium
Concrete,878.1504060960331,32.61435866329194,33,Low,No,Low
Concrete,1326.8952870331934,36.22891191436105,28,Medium,Yes,Medium
Wood,1051.0588895265817,88.41611294202033,22,Low,No,Low
Concrete,652.1426849361037,96.49772037051538,7,High,Yes,Low
Steel,1006.4989369936964,63.50459638560421,10,High,Yes,Low
Steel,789.5667853471601,81.08387296115878,36,High,Yes,Low
Steel,869.7206555546758,51.564103116491864,29,Low,Yes,High
Wood,906.4952626471136,70.70792913339741,31,High,Yes,Low
Concrete,1358.438422773341,68.5640190031923,37,High,No,Low
Steel,212.47866125885446,45.96037347974149,9,Low,No,Low
Concrete,1371.9599301477203,54.38436361568105,38,Medium,No,Medium
Concrete,201.36487185122277,27.30003743134534,14,High,Yes,Low
Wood,365.53969518944155,29.863486049070453,21,Low,Yes,High
Concrete,1093.7014586000714,86.96315421864395,5,Low,No,Low
Concrete,207.50497176319737,55.807433983648465,40,Low,No,Low
Wood,367.5709212381336,26.03035390384267,19,Medium,No,Medium
Concrete,1050.758229770749,72.80267480755538,16,High,No,Low
Wood,275.4445471916715,61.305091655475955,35,Low,Yes,High
Steel,301.80490068285667,13.339391721625788,37,Low,Yes,High
Wood,1170.530780349362,44.32805634936305,36,Medium,No,Medium
Wood,727.9543992092424,94.79848070386136,48,Low,Yes,High
Concrete,1376.1283761681354,60.54060550631776,30,Low,No,Low
Steel,364.91781467924665,70.97135178148532,18,Low,No,Low
Wood,1210.0437277264703,75.7841257126338,24,High,No,Low
Steel,818.0031663979029,74.2009227156404,32,Low,No,Low
Steel,413.7324195365529,47.661025351519335,22,Medium,Yes,Medium
Steel,507.830833822894,41.70449244162076,11,High,Yes,Low
Steel,367.3876046543736,65.00241506072854,31,Medium,Yes,Medium
Steel,974.1421818268955,66.33100911459556,32,High,No,Low
Concrete,648.7622259510648,82.13042449022194,9,High,No,Low
Wood,297.63965120853817,86.81893522131486,24,Low,No,Low
Steel,230.26743999729263,81.69319506488799,20,Medium,Yes,Medium
Wood,860.8706938387654,74.9034794875399,39,Low,No,Low
Steel,1070.707690727796,24.13234586744332,43,Medium,No,Medium
Steel,566.4812692004056,79.93593506463486,13,Medium,Yes,Medium
Steel,182.68137929694362,60.87831825470337,20,Low,No,Low
Steel,161.31625295718723,10.58749939327699,46,Medium,No,Medium
Wood,278.60008606581334,35.393850976526494,31,Low,No,Low
Wood,983.5843930348111,46.109903015656926,45,Low,Yes,High
Wood,695.5829058969679,37.83073281628657,14,Low,No,Low
Steel,1079.7533266882988,88.65223597843234,34,Medium,Yes,Medium
Wood,576.6294268047051,33.25270712691086,23,High,No,Low
Wood,1346.878180224504,81.29655502315975,6,Low,Yes,High
Steel,287.6785914861738,96.9071285728763,9,High,No,Low
Concrete,293.87289770738676,76.81371307889329,43,Medium,No,Medium
Concrete,922.8301968297019,68.64396620539978,41,High,No,Low
Wood,1266.344618091883,67.40758778503613,33,Medium,No,Medium
Wood,636.8968547493056,51.075062990782115,45,Medium,Yes,Medium
Wood,1155.5627442161444,26.31666665048512,11,High,Yes,Low
Wood,1432.8892849253132,12.759060258312559,33,Low,No,Low
Wood,843.448425955999,34.37329640187915,34,Medium,Yes,Medium
Concrete,1486.1186149069347,75.77608168701444,43,Medium,No,Medium
Wood,1488.042026254676,39.27354108148667,11,High,Yes,Low
Wood,1210.4724439504128,63.877716631347475,35,Low,Yes,High
Concrete,393.70155109789096,49.60772059333878,23,High,Yes,Low
Steel,755.1277646083028,79.89689104737401,17,Low,No,Low
Concrete,1187.4133033143585,13.146494913739337,43,Low,No,Low
Concrete,1423.4520657042017,37.69515509899472,11,Low,Yes,High
Concrete,1388.38936987753,87.3551357707329,14,Low,No,Low
Concrete,1071.6261036004498,85.43971102928656,32,High,No,Low
Concrete,715.1623830014963,71.87235071709556,29,Medium,Yes,Medium
Concrete,1467.9999085177592,29.300868514777825,8,Medium,Yes,Medium
Concrete,581.5995950851427,94.28933867997654,42,Medium,Yes,Medium
Concrete,669.3362121249033,48.122621062500116,43,High,No,Low
Steel,1115.7705833226219,46.2510089211959,47,Low,No,Low
Concrete,162.01470355181453,21.140062106152968,45,Medium,No,Medium
Concrete,1063.116629842144,98.21860474739715,33,High,No,Low
Wood,898.1060231946407,52.89683931087329,6,Medium,No,Medium
Wood,1240.7558291104242,65.71445747035597,48,Medium,No,Medium
Concrete,727.73091633038,27.614124659457723,33,Low,No,Low
Wood,1130.6137967159593,13.301734532807181,9,High,No,Low
Concrete,1434.7503421574438,50.04738584555809,30,Medium,No,Medium
Concrete,1277.7437195446685,93.55405621509058,10,High,No,Low
Concrete,1175.6566325720219,16.12228157549108,26,Medium,Yes,Medium
Steel,190.18462881307818,41.704671855356374,32,High,Yes,Low
Concrete,1489.7418564058544,62.7535161166218,19,Medium,Yes,Medium
Steel,1290.023592253697,12.535859949044275,23,High,No,Low
Wood,1289.538352960171,69.65026454790285,40,High,No,Low
Steel,376.00471392207925,19.68655414702739,14,High,Yes,Low
Wood,1399.9945917931072,94.82994681163783,8,High,No,Low
Steel,476.60017696438825,11.16205284193201,9,High,No,Low
Steel,259.436598354735,10.90670510219646,46,High,No,Low
Steel,888.2847911660691,22.158707115650607,25,High,Yes,Low
Concrete,914.4172985064426,71.65285007605175,34,High,Yes,Low
Wood,849.6387075574728,61.18712606649519,32,Low,No,Low
Steel,581.7500077217404,95.01459197461574,31,Medium,Yes,Medium
Wood,593.7570756490234,82.55729527513581,16,Low,No,Low
Wood,567.8979789168195,32.44999764884593,31,Medium,Yes,Medium
Concrete,418.5177705166677,41.861473205237274,34,Medium,Yes,Medium
Wood,1431.3219667323706,25.47225070087636,35,Medium,Yes,Medium
Steel,692.0487919742492,56.200059920613946,12,High,Yes,Low
Concrete,477.68079467827226,54.808003041897365,48,Low,No,Low
Steel,658.9519671617498,84.72857251789391,9,Medium,No,Medium
Concrete,1370.2838683250454,91.4436994231169,14,Low,No,Low
Wood,299.1957972632076,65.52494295212938,15,Medium,Yes,Medium
Steel,1461.4423771298216,75.3416241237972,20,High,No,Low
Concrete,1104.239003151456,84.21358080030467,25,High,Yes,Low
Steel,817.5929629778273,32.046049183640484,14,Low,Yes,High
Concrete,485.85314422871755,92.00641256793409,37,Low,No,Low
Steel,310.43896017116015,51.85806322689532,24,High,No,Low
Wood,799.9781904197697,40.44587800099568,45,Low,Yes,High
Steel,1333.5988105878298,49.19818117868987,14,Medium,No,Medium
Steel,434.0195479090142,41.79630200914127,36,High,Yes,Low
Wood,670.1971783343248,26.088147834908774,7,High,Yes,Low
Concrete,1133.1359270621542,87.44375469350555,37,Low,Yes,High
Concrete,529.9624530320108,58.8549819459164,44,Medium,Yes,Medium
Concrete,1267.7599026423673,22.342433639667846,11,Low,No,Low
Wood,465.08198387560765,75.53189745756671,44,High,Yes,Low
Wood,1083.6926229476715,10.600720297189257,42,Low,Yes,High
Steel,169.45162230049786,37.078461831096234,49,Medium,Yes,Medium
Concrete,969.084130041991,41.4092233214503,6,Medium,No,Medium
Concrete,1080.0487505970561,73.62311575085461,12,High,No,Low
Concrete,865.2142465046813,55.7183811894315,26,Medium,No,Medium
Wood,805.2393682109525,24.231453201547197,27,High,No,Low
Steel,1062.1785239738183,58.03734557684892,23,High,Yes,Low
Steel,1218.9726213622791,29.10949854916403,14,Low,Yes,High
Steel,1238.855713584141,78.98204428628537,46,Low,Yes,High
Concrete,1076.872749763565,73.15539375795308,36,High,Yes,Low
Wood,271.5054449555993,53.621825593325596,43,Low,No,Low
Wood,874.0048852029328,91.65722752039304,35,Low,Yes,High
Concrete,335.4413004629507,45.163441438316994,48,Medium,Yes,Medium
Steel,1329.6298963014317,56.83792596355988,39,High,Yes,Low
Wood,594.2607570438513,90.6841275566324,7,High,Yes,Low
Concrete,1131.2549873659063,76.47622111984813,18,Low,No,Low
Steel,1006.8238696516556,38.33700765150161,45,Low,Yes,High
Concrete,721.8580284276973,22.50721383877577,19,High,Yes,Low
Concrete,1106.5811650769797,87.06266403340152,22,Low,No,Low
Concrete,1352.6584720125418,99.94314359157886,42,High,No,Low
Concrete,1168.8814566487797,23.396913474682325,17,Medium,No,Medium
Steel,1434.9964163595146,88.06886475810603,21,Medium,Yes,Medium
Wood,1050.1860550363638,26.670126450803103,21,Low,No,Low
Wood,1183.2502941774176,29.993716590984445,48,High,Yes,Low
Concrete,784.4239287752627,76.52168206530312,44,High,Yes,Low
Wood,787.6920071557081,37.82253860376535,29,High,Yes,Low
Wood,690.6284428648311,76.51974895564362,23,Medium,No,Medium
Wood,363.6486118988262,64.53353520825539,39,Low,Yes,High
Concrete,1474.2252707983012,87.67793758322065,43,Medium,Yes,Medium
Concrete,1147.742250811282,53.28686249105873,24,Medium,No,Medium
Concrete,1422.528672619711,42.76486741258868,42,Low,Yes,High
Steel,326.38030927277657,60.031649879345466,15,High,No,Low
Steel,565.3652476261583,24.633476745989167,28,High,Yes,Low
Wood,627.807425006605,20.920450572926125,31,Low,No,Low
Wood,557.2266635682987,21.2410547843097,33,Medium,No,Medium
Concrete,266.4722429302244,77.54600305445008,17,Low,No,Low
Wood,607.4833154943884,68.66505195780263,21,Low,No,Low
Steel,1309.4108266198905,21.667431412933503,46,Low,No,Low
Concrete,264.469332162848,92.03135344476063,46,Medium,Yes,Medium
Wood,856.9976321820554,58.06996689827244,12,Medium,Yes,Medium
Wood,168.62451269287112,30.599401859598792,22,High,Yes,Low
Concrete,1302.3408894556358,89.73115524455712,17,Medium,No,Medium
Steel,1077.869568012608,85.00701856076344,6,Low,No,Low
Steel,614.5384300886903,32.31053213607288,30,Medium,Yes,Medium
Steel,1126.798936669591,10.302874962797615,43,Low,No,Low
Concrete,814.9982214674017,68.97870848176888,35,Low,No,Low
Steel,172.45522317678788,63.80053838489609,48,Medium,No,Medium
Concrete,220.9969252552218,95.83716078223246,13,Medium,Yes,Medium
Steel,521.7696919083692,83.74652961857873,11,High,No,Low
Steel,845.2167900341169,57.82848419649791,25,High,Yes,Low
Steel,663.9751321766829,74.46473986882404,28,High,No,Low
Wood,364.11433662069896,71.12381766127855,24,High,No,Low
Steel,311.6425911357859,43.767511400279766,20,High,No,Low
Concrete,1056.8680086080644,90.044128559546,37,Low,No,Low
Concrete,201.91088013354718,54.606853212112895,38,Medium,Yes,Medium
Wood,649.6298997207746,69.91407961107214,5,High,Yes,Low
Wood,361.1858069911748,68.80799661541795,11,Low,Yes,High
Wood,1082.526833914799,72.26676678836195,35,High,No,Low
Wood,479.0742024579497,90.67186165979946,5,Low,Yes,High
Steel,799.9401836020929,26.66276335969662,18,Low,Yes,High
Steel,185.96460619301342,56.14045999552934,6,Medium,No,Medium
Steel,915.6478450111902,20.049381565119656,25,High,No,Low
Concrete,487.95950269291404,58.21626108133556,40,High,Yes,Low
Wood,865.638466487214,41.11452969996563,20,High,No,Low
Wood,209.638916963878,16.314979629795083,15,High,Yes,Low
Concrete,1197.7450283185674,88.09145486217196,16,High,No,Low
Wood,1335.3813429779275,45.319539481214285,45,Medium,Yes,Medium
Concrete,761.1036136657118,80.08873904034874,14,High,No,Low
Wood,1240.1935135796457,23.68632335267076,20,Medium,Yes,Medium
Steel,636.3683087545553,78.10998804203084,31,Low,Yes,High
Concrete,1484.1080380278406,92.43932962393039,9,Low,No,Low
Concrete,1432.4437397039924,98.40075103350048,27,Medium,No,Medium
Concrete,962.3989743702443,35.176089594633076,17,Medium,No,Medium
Concrete,299.7106926714579,79.4052703122863,38,High,Yes,Low
Concrete,461.7588202588526,43.14263534640753,25,High,Yes,Low
Wood,965.7560923790476,50.22054615381898,11,Medium,No,Medium
Wood,692.3800346691485,11.490019387088195,39,Medium,No,Medium
Steel,277.9581538740565,85.11870489566728,39,High,No,Low
Wood,611.0458549520492,51.890447246611195,44,Medium,Yes,Medium
Steel,1061.4011746858482,43.331476686824345,39,Medium,No,Medium
Wood,1371.881395703306,92.40771497778367,9,High,No,Low
Concrete,249.37772125606398,25.857807058991742,14,Medium,No,Medium
Wood,1050.7819930150818,81.96953988598668,28,High,No,Low
Steel,1016.7807511323655,56.795231907202464,34,High,No,Low
Concrete,557.5242684182833,34.50719057156448,22,Low,No,Low
Concrete,1212.9366069384291,15.966855062557165,38,High,No,Low
Wood,517.8957550044437,61.14330752979984,35,High,Yes,Low
Steel,1224.470877317972,76.9450075200681,15,Low,No,Low
Wood,978.1816260385465,88.84901024920491,5,Medium,No,Medium
Steel,345.9648769707445,28.444639263808437,11,Low,Yes,High
Steel,1399.6186761293066,24.820262506446706,39,Medium,No,Medium
Wood,886.3841195296433,31.26156750822505,40,Medium,No,Medium
Steel,316.7631335931819,46.34808802430074,45,Low,No,Low
Steel,1003.577716084503,11.091907341751027,33,Medium,No,Medium
Wood,259.08466192071603,61.19534981464573,47,High,No,Low
Concrete,266.8094358150206,91.49585800400155,20,Medium,No,Medium
Wood,315.7233037058001,25.166647072477772,34,Medium,Yes,Medium
Concrete,193.41167674643555,64.78898708025284,13,High,No,Low
Steel,1342.9284217718982,12.60132271019403,26,High,No,Low
Concrete,1102.3869223566783,54.08315071706094,48,Medium,No,Medium
Wood,332.8513109132708,36.68957991145334,15,High,Yes,Low
Concrete,1487.7333535948908,30.62633128203578,5,Low,No,Low
Concrete,504.66722041210045,69.46805839780822,33,Medium,Yes,Medium
Concrete,483.87488704928,83.1176317730502,45,High,No,Low
Wood,216.35878263986893,83.41807020879989,42,High,No,Low
Steel,643.5573719451968,50.464937391907704,18,Medium,No,Medium
Steel,1089.7555028960824,31.561638622801865,13,High,Yes,Low
Wood,821.3160340452198,11.815077724493952,36,High,Yes,Low
Concrete,167.05063368897032,98.11958805950329,8,Medium,No,Medium
Concrete,645.0459608991101,64.13422083098735,25,High,Yes,Low
Steel,330.39119601122275,13.686345223035275,28,Medium,Yes,Medium
Concrete,276.7555839967462,39.6044253872916,45,Low,No,Low
Concrete,753.8637500868508,30.87865815741594,35,High,Yes,Low
Concrete,373.21002992470335,53.55298092705198,13,High,No,Low
Steel,233.04206282111863,85.01577704378313,34,Low,Yes,High
Wood,205.09178525903695,54.17730432399047,40,Low,Yes,High
Steel,469.2506249194654,68.55630685903844,13,High,No,Low
Concrete,1159.0526857924028,96.50112288099596,18,Low,Yes,High
Steel,1060.2939854447575,88.85915294564086,10,Medium,No,Medium
Concrete,469.28251655682,39.58781134898709,8,Medium,No,Medium
Steel,476.90209715980416,58.296469719889274,40,High,No,Low
Wood,1329.4863210090514,21.421547679298826,7,Low,Yes,High
Concrete,649.6446009562376,54.695798348776286,48,Medium,No,Medium
Concrete,330.10712791421867,28.125482884270447,45,High,Yes,Low
Wood,551.1869993973418,86.59138168314543,33,Low,Yes,High
Wood,186.11003670232068,29.203039108657684,13,Medium,Yes,Medium
Steel,342.04021992158175,60.62732146926298,9,Medium,Yes,Medium
Concrete,1404.6320911338632,24.45271937605522,32,Low,Yes,High
Concrete,1246.5483031890235,51.14925573158544,21,Low,Yes,High
Concrete,724.319779975724,81.15075231368121,5,High,No,Low
Wood,864.7728505841355,51.316372300212,16,High,No,Low
Steel,1057.2877701285288,42.74833278010234,29,High,Yes,Low
Wood,1150.3917847985945,57.295260790665154,22,Low,No,Low
Concrete,1137.1230682839844,79.62817928831272,44,High,Yes,Low
Concrete,300.0214048479661,59.93058019079831,34,High,Yes,Low
Concrete,1435.1017757249379,85.43213816063009,41,High,Yes,Low
Concrete,1100.3547162563625,39.0215121277232,49,High,No,Low
Steel,1373.9673374821655,82.84595649287454,23,Medium,No,Medium
Concrete,662.0969496556557,80.6832350486136,46,Medium,No,Medium
Steel,1277.975272126375,42.28537343504858,39,High,Yes,Low
Steel,513.0475519636482,45.08276415575607,27,High,Yes,Low
Steel,711.615651007273,83.03144036801767,17,Low,No,Low
Steel,368.9584681718585,65.41811454959692,35,Medium,Yes,Medium
Concrete,1337.150083109553,64.7457047555072,15,High,Yes,Low
Wood,1405.8281587533954,55.32050731098709,47,Low,No,Low
Wood,1154.624931963012,64.93702284543903,15,High,Yes,Low
Wood,1333.2115595300468,93.2321432232606,9,Low,Yes,High
Wood,293.40433388258793,48.223815087195625,32,Medium,No,Medium
Steel,1420.6291678127557,73.40586872366129,15,High,Yes,Low
Steel,477.16758840835286,98.08100038858579,11,High,No,Low
Wood,330.27619875503353,33.87870938533257,22,Medium,No,Medium
Steel,1126.914158641013,99.81563288917556,5,High,No,Low
Steel,633.4717915467904,42.38345158092314,37,High,Yes,Low
Concrete,790.5000484351949,99.79795289405872,40,Low,No,Low
Wood,833.2276126729256,93.70961129251434,27,High,Yes,Low
Steel,1031.4086568488315,74.7836096185696,8,Low,No,Low
Steel,1121.1014238374873,93.28699197553337,44,High,Yes,Low
Concrete,1000.0644099285971,86.26746171254521,14,High,No,Low
Steel,463.8687602259159,60.730762051547046,36,High,Yes,Low
Steel,1475.493367477025,28.350477130508903,21,Medium,No,Medium
Wood,1191.6853610572334,71.0639544213405,15,Medium,No,Medium
Concrete,858.8249193140009,29.065735082253184,16,High,Yes,Low
Concrete,1100.6547722343348,38.9560016710011,13,Medium,Yes,Medium
Wood,1430.2886350618812,35.764791425419034,38,High,No,Low
Wood,1410.1710108268005,42.606100648284034,12,Low,No,Low
Concrete,324.7263839386393,78.7434089783004,22,Low,No,Low
Wood,1050.3060542513358,73.79408453206239,40,Low,No,Low
Steel,772.2804908416463,70.91483758297372,31,High,No,Low
Steel,1202.9051360863955,26.94346509773582,37,High,No,Low
Steel,669.8262548583812,19.23962628130824,23,Low,Yes,High
Wood,1133.3012259322873,72.94320366195217,40,Low,No,Low
Wood,614.9902357436008,66.56670966547046,8,High,No,Low
Concrete,906.9770690371577,42.006654372299614,15,Medium,No,Medium
Wood,428.65486633630337,39.631828983490095,46,Low,No,Low
Concrete,572.3619069760609,45.16473966415968,47,High,No,Low
Wood,989.4501905462974,83.51570823022519,29,Low,Yes,High
Concrete,1270.4357485079274,97.97782807834314,9,Medium,Yes,Medium
Concrete,990.2324429990406,18.696474952558006,10,High,No,Low
Concrete,866.8307819465422,32.26339882889262,29,High,No,Low
Concrete,1421.5755213818788,50.29040849196532,42,Low,No,Low
Wood,234.49341624744258,61.996364321238644,48,High,No,Low
Concrete,735.8206546087803,29.635277361898893,40,Medium,No,Medium
Wood,620.5550926991489,28.815469908195823,36,High,No,Low
Wood,985.5414051411175,29.108887979982846,34,Low,Yes,High
Steel,1181.7274198520784,80.0874813159902,42,High,No,Low
Wood,715.8131403346504,31.30692224415869,8,High,No,Low
Steel,450.5158337611834,29.1453051879585,22,Low,Yes,High
Steel,953.2574621397279,23.984281783902475,41,Medium,Yes,Medium
Concrete,1308.9688636947162,53.93000235422293,42,Medium,Yes,Medium
Wood,1433.044438743325,22.46428644392273,48,Medium,Yes,Medium
Wood,320.94138563799834,14.53668064914154,17,Low,Yes,High
Steel,465.6114889993968,12.775597833534171,30,Low,No,Low
Concrete,1433.247422884046,20.374380448256016,35,High,Yes,Low
Wood,1344.2224308654625,92.43797578325926,33,Medium,No,Medium
Concrete,862.4336676719565,99.33704377752902,34,Medium,No,Medium
Steel,375.636624603448,65.87573133570835,9,High,Yes,Low
Concrete,704.3565373865864,85.47483970909502,8,High,No,Low
Steel,221.42307434856235,60.77115490683412,8,Medium,Yes,Medium
Wood,1376.4350884569214,65.78649893404703,32,High,Yes,Low
Concrete,236.15516996777632,54.006946874618194,36,Medium,No,Medium
Wood,651.6764511804207,66.62642053028567,22,High,No,Low
Concrete,1177.0927671123309,66.71914776824451,40,Medium,Yes,Medium
Wood,668.494131533486,48.51405895157932,42,Medium,No,Medium
Concrete,710.4337363839937,40.715765766431566,44,High,Yes,Low
Wood,1428.906877092537,54.422813037454105,40,Medium,Yes,Medium
Concrete,429.04073124798,89.83001539419057,49,Low,No,Low
Steel,982.3435042186547,60.361862524060314,28,Medium,Yes,Medium
Concrete,1244.7398363856319,12.528714377168525,29,Medium,Yes,Medium
Steel,1151.4340342980463,14.522121320938233,25,High,No,Low
Wood,732.9728135172304,63.57862833368875,45,Medium,Yes,Medium
Wood,597.370997807496,30.519921780085443,22,Medium,No,Medium
Steel,1229.3363265515973,28.750395101154705,21,High,Yes,Low
Concrete,723.7954194299466,14.768062211598803,43,Low,Yes,High
Concrete,1462.1808466748691,22.603271624128702,22,Low,Yes,High
Concrete,552.3160562885791,92.4635696965126,26,High,No,Low
Wood,1059.9165326605985,39.636043082996366,30,Medium,Yes,Medium
Wood,1053.0736175059417,85.63867071856066,46,High,Yes,Low
Steel,885.2069549966753,12.299273439235996,30,High,Yes,Low
Concrete,1431.7182744886957,34.51835392233442,26,Low,Yes,High
Concrete,1156.100107530793,47.9663299038385,21,High,Yes,Low
Concrete,1290.0543321714426,74.60008872127798,32,High,Yes,Low
Wood,1029.033045575372,76.26181678164343,17,Low,Yes,High
Steel,259.8802484100388,48.11130267737048,49,Low,Yes,High
Concrete,390.8973927054783,42.42639720459666,41,Low,No,Low
Concrete,666.8734968834896,60.647689470652516,32,High,No,Low
Wood,1359.802133859152,21.294536422916174,41,Low,Yes,High
Concrete,878.3786591145994,35.411994892703504,42,High,Yes,Low
Steel,1116.5925982052563,71.15732088644931,39,Medium,No,Medium
Concrete,550.3102800638987,64.76430283621625,5,High,Yes,Low
Wood,409.2812513328045,45.481971160538414,12,High,No,Low
Steel,1478.3244408432429,90.92084658668911,12,Medium,No,Medium
Wood,683.5414886010236,31.05353462505478,45,Medium,No,Medium
Concrete,1154.708279778166,99.57601386649856,21,Medium,No,Medium
Steel,207.40124236414235,24.731073770247153,9,High,Yes,Low
Steel,233.79233880002914,50.68162665777366,13,Medium,Yes,Medium
Wood,1388.1100637841535,17.0715620472552,7,High,Yes,Low
Wood,638.3845538656478,61.04937070072429,48,Low,No,Low
Wood,774.9339983985325,72.30791633203333,33,Low,Yes,High
Concrete,334.8614902996746,73.34023568358847,29,Medium,No,Medium
Concrete,760.423597122309,15.981028073682863,43,Medium,Yes,Medium
Concrete,1111.602353860543,75.38063954890255,31,Medium,No,Medium
Wood,898.8790650391413,59.32823095842715,11,Low,Yes,High
Wood,606.6025991496485,33.72017288719765,12,High,No,Low
Wood,1433.2293276749358,15.683116991989406,8,High,Yes,Low
Concrete,1241.3291792409675,40.69608154396886,5,Low,No,Low
Wood,1481.1468783494595,48.287905235333966,48,Low,No,Low
Concrete,784.4590477921282,70.93266622082412,39,Low,Yes,High
Wood,362.2740192228972,40.38910820228753,23,Medium,Yes,Medium
Wood,1425.25774792635,19.581640387165123,32,Medium,No,Medium
Steel,715.3210785794728,69.94591143096754,31,Medium,No,Medium
Steel,341.76313444908425,59.99829400641729,19,Medium,No,Medium
Steel,1252.6944246314545,81.7462791812255,7,Medium,No,Medium
Wood,989.5590570149566,87.84448217724938,18,Medium,No,Medium
Steel,424.1966834984161,90.5040735067443,18,Low,Yes,High
Concrete,227.93018903320663,15.09559983772034,21,High,Yes,Low
Wood,1202.7574937945458,40.72042087085315,6,Low,Yes,High
Wood,512.1578846870465,99.17592048184503,28,Medium,Yes,Medium
Concrete,913.6427791180397,57.00126307670574,17,Medium,Yes,Medium
Wood,1214.846115297425,38.014159642833754,25,High,Yes,Low
Steel,751.0460453845029,98.28888582328483,33,High,No,Low
Wood,903.5377075626454,16.31821781114936,11,Low,Yes,High
Wood,1200.7936320824103,54.204955637775775,45,High,No,Low
Concrete,472.10318830996925,59.19195035246574,6,Medium,Yes,Medium
Wood,1461.2263458426683,75.92764546595423,29,Medium,Yes,Medium
Concrete,679.4890614885785,70.3860182913237,17,Low,No,Low
Wood,950.4328622916308,29.602730782083448,34,High,Yes,Low
Steel,413.1916030411655,46.94401570945548,16,Medium,Yes,Medium
Steel,810.424075153728,42.19114348407311,26,Low,No,Low
Concrete,790.6635937031508,79.55078387880556,7,Low,No,Low
Steel,418.8338855416726,30.95270304943534,40,Medium,Yes,Medium
Steel,1247.5147701068647,13.22836645584921,8,High,No,Low
Concrete,621.2239236957246,91.83355215033032,42,Low,No,Low
Concrete,1272.807480023782,58.77967746888716,26,High,Yes,Low
Steel,1052.7300115680828,62.465710701441374,39,Medium,No,Medium
Steel,840.7157778493803,13.217344856738809,7,Medium,Yes,Medium
Concrete,203.59075771672312,45.00856047252515,18,High,No,Low
Steel,273.45531215710935,43.20761466338958,21,Medium,Yes,Medium
Concrete,578.2352511808886,93.88950930105489,48,Medium,No,Medium
Wood,240.6590298375159,85.50935914734568,47,High,No,Low
Concrete,154.42447584908678,60.21775946816623,22,Low,Yes,High
Concrete,1016.0152948728432,89.76158152749974,37,Medium,Yes,Medium
Concrete,163.85782984732327,81.04562988752922,46,Low,Yes,High
Wood,1395.6490298635981,62.368206801600074,38,Medium,Yes,Medium
Wood,1300.7420259841895,43.96190005608158,45,High,No,Low
Concrete,293.74043647899606,62.17359348303567,27,Low,No,Low
Concrete,1159.6349774046787,96.89372669736747,40,Medium,Yes,Medium
Wood,347.13100665014707,76.28684549482462,46,High,No,Low
Wood,458.6023431050516,76.07513900215366,23,High,No,Low
Concrete,1031.1698335496962,35.595006247561855,34,Medium,Yes,Medium
Concrete,1301.004888145046,59.834074542139156,10,Low,Yes,High
Concrete,396.27570041215995,49.10153925771244,35,Low,Yes,High
Steel,627.9636742122963,30.711668851291822,40,High,No,Low
Wood,1120.1303656265627,44.130279022284725,18,Medium,Yes,Medium
Steel,311.7581808382797,56.686033445624105,25,High,Yes,Low
Concrete,629.7023574261427,22.702178170363712,37,Low,No,Low
Steel,1368.4117073316256,55.35337721966923,23,Low,No,Low
Wood,1080.7763752713872,17.50154847462482,36,Low,Yes,High
Concrete,1206.0849031370572,43.73395282041874,24,High,No,Low
Concrete,1204.1117866689353,85.38981953044849,36,High,No,Low
Concrete,432.2011609737555,24.758673890108447,47,Medium,Yes,Medium
Concrete,889.3283562922863,73.21595749799451,5,High,Yes,Low
Steel,950.6734134187459,36.18501269012384,41,High,Yes,Low
Concrete,948.8382177351668,88.5852493024084,12,Low,Yes,High
Concrete,426.91082216814664,78.16061906139436,26,Low,No,Low
Steel,547.6875299399599,41.90763087860644,37,Low,Yes,High
Wood,1209.405058953908,13.369910581696224,26,High,No,Low
Concrete,691.7594313626115,74.69670232390939,36,Medium,Yes,Medium
Concrete,729.7505426059556,28.65780130773158,42,Low,Yes,High
Concrete,1024.6519549959403,19.475745059414567,43,High,Yes,Low
Steel,711.0414624490907,94.79544367471081,45,High,No,Low
Concrete,1398.5791846171987,82.9024404867542,9,Low,Yes,High
Steel,833.5043685208087,98.14347248577538,25,High,No,Low
Wood,362.84776082953556,93.17727445614965,16,Medium,No,Medium
Wood,1467.437696345977,85.89139331700488,36,Medium,Yes,Medium
Concrete,654.2087523993241,26.731258026380196,38,Low,Yes,High
Wood,997.3106856318763,91.27194078854127,36,Low,Yes,High
Concrete,1279.5593351468563,53.1504637001473,23,Medium,No,Medium
Steel,909.8902126425778,69.19148662012907,23,Medium,No,Medium
Steel,584.1082546073499,35.93706088245328,30,Low,Yes,High
Wood,447.9897296215755,43.35389919820773,16,Medium,No,Medium
Wood,876.3138785158219,58.86648892388391,24,Medium,No,Medium
Steel,745.9639126904373,23.606997555733983,29,High,Yes,Low
Wood,1201.187534853876,43.77081639215383,43,Medium,Yes,Medium
Concrete,537.8489499762629,34.405032948583866,43,Low,No,Low
Steel,491.2841478119852,83.62913575276782,24,Low,No,Low
Concrete,966.6361989318898,31.001875763232533,13,High,No,Low
Steel,478.1700944341438,53.86213543570018,48,High,No,Low
Concrete,1075.6128512347698,63.783597323689946,40,High,Yes,Low
Steel,1311.6553035187815,63.66705681941863,9,Medium,No,Medium
Concrete,1175.1218337133623,71.96868318509092,5,High,Yes,Low
Wood,276.0764474196864,60.665689781196846,11,Low,Yes,High
Steel,252.77565462238903,32.13565694286127,27,Low,No,Low
Wood,886.0123951173144,25.114965857236626,11,Medium,Yes,Medium
Steel,172.4293441780008,74.40641353468693,36,High,Yes,Low
Concrete,1319.3588217674405,22.994615163550474,45,High,Yes,Low
Steel,1062.0692236912228,58.009418298775465,44,Low,No,Low
Concrete,348.9052033818689,55.24571144509609,26,Medium,Yes,Medium
Wood,1329.7774075240054,99.73778415246429,43,Low,No,Low
Steel,422.87417767347034,40.379214116503455,34,High,No,Low
Wood,430.1652367239572,52.520947473024165,7,High,Yes,Low
Concrete,632.2612478366766,28.209214393543974,7,Low,No,Low
Wood,1162.1893531922801,95.29311366833929,47,Medium,Yes,Medium
Steel,338.19333540648665,53.90670705819513,29,Low,Yes,High
Steel,825.668626064951,61.29081904576148,12,High,No,Low
Concrete,402.8469520810179,55.075379816999394,27,High,No,Low
Wood,1303.5510986136658,43.61354750158417,24,Medium,No,Medium
Steel,343.993482926772,48.07655161220418,35,High,No,Low
Steel,431.2677327041246,77.99047225199756,29,Low,No,Low
Concrete,658.291051277155,64.1526248358351,49,Low,No,Low
Wood,1126.705989740859,57.656909752762076,11,Medium,No,Medium
Wood,1268.5474638819933,67.49617976085057,42,Low,Yes,High
Steel,775.7018581512351,89.85385415073858,25,Medium,No,Medium
Wood,243.2313664749139,94.25583659302718,10,Low,No,Low
Wood,522.7218774824175,31.45578633563894,19,Medium,No,Medium
Concrete,788.8195841805051,35.44771791206685,46,High,No,Low
Concrete,170.4563439138113,25.776192233140712,28,Low,Yes,High
Concrete,648.2571637138108,78.81009665798335,7,High,Yes,Low
Wood,1032.1726942580144,17.295849514828774,22,Medium,Yes,Medium
Wood,1333.037752880511,43.225265287367634,12,Medium,No,Medium
Wood,1002.692457348045,55.674708077737044,34,Low,Yes,High
Wood,504.23167847675614,19.412407622293248,39,Medium,No,Medium
Wood,783.803276650933,98.5035311515862,38,Medium,No,Medium
Steel,1103.7481563736437,20.655026458619652,39,High,No,Low
Steel,1203.7555773354009,85.01843630630798,22,Medium,Yes,Medium
Concrete,629.1274461225378,41.392207762333456,22,High,Yes,Low
Steel,887.2759544994136,39.504137433156565,38,High,Yes,Low
Concrete,238.39133975911918,14.209360094045557,45,High,No,Low
Concrete,484.3212992764398,83.69504211694975,48,Low,No,Low
Wood,989.9192543710047,98.44548517093267,48,Low,Yes,High
Wood,1158.5790808044824,25.354030393171648,44,High,No,Low
Steel,919.4732907375715,11.48968471612689,6,Low,No,Low
Steel,301.5585511297182,11.719297728953922,11,Low,Yes,High
Wood,922.0223140226259,33.51861124647847,48,Low,Yes,High
Steel,1380.4466435467743,82.58207697564485,6,High,Yes,Low
Steel,1154.4878395648789,48.179505008704204,35,Medium,Yes,Medium
Wood,363.38885557932366,34.6571089108788,32,Low,Yes,High
Steel,1421.3903101931544,90.68386231240369,41,Medium,Yes,Medium
Steel,686.510918582992,83.52475937970743,42,Medium,No,Medium
Wood,841.7347866584233,87.23407585425518,32,Medium,Yes,Medium
Steel,324.78030029238903,18.226010288951713,17,High,Yes,Low
Steel,369.85226524040877,43.53669142426958,23,Medium,Yes,Medium
Steel,1496.7032822464498,34.01706949642278,45,High,No,Low
Wood,1221.5522292451803,80.72930779646255,32,Medium,No,Medium
Concrete,616.5408848680337,25.756520541977075,8,High,No,Low
Wood,298.40461494377416,95.42628536206043,45,Low,Yes,High
Wood,844.7782743146266,10.592154852249594,6,Medium,Yes,Medium
Concrete,1068.61081927147,68.48739096176708,11,High,Yes,Low
Wood,977.0983731632033,48.64494108205743,18,Medium,No,Medium
Steel,514.5738514925656,89.77190591493941,5,Low,Yes,High
Concrete,1224.638489522263,20.828804492183504,29,Medium,No,Medium
Steel,185.65517777630583,98.69090738534825,18,Medium,Yes,Medium
Steel,1076.2542183653359,29.388416325984362,15,Low,Yes,High
Steel,449.51446912446323,84.22550167776981,33,High,No,Low
Concrete,196.71058635533353,64.5675528974854,30,High,No,Low
Steel,616.7198012425824,62.61452822839361,10,Low,No,Low
Concrete,690.3094389314023,82.14270109441178,21,Medium,No,Medium
Steel,1321.9544174641171,31.29565021519928,37,Low,No,Low
Steel,435.9846746494289,36.453227321261004,46,Low,Yes,High
Steel,996.886373337104,67.83552041809645,49,High,No,Low
Steel,727.387842021958,60.578830272111844,49,Low,Yes,High
Steel,1167.7459922411535,49.1384546230056,36,Medium,No,Medium
Concrete,656.9936920206878,96.87342523060585,30,Medium,Yes,Medium
Wood,1088.533007752755,88.54863667924208,48,Low,No,Low
Concrete,1044.13241486479,44.94401170319255,39,High,No,Low
Wood,1354.0301665219483,90.3917801801768,38,Medium,Yes,Medium
Concrete,540.8348292693997,53.87520164893828,34,High,Yes,Low
Steel,439.55391363223737,46.223944811147376,33,Medium,Yes,Medium
Steel,1093.61933661799,83.36744900461585,30,High,No,Low
Wood,1069.248550042008,56.126602956229306,45,Medium,No,Medium
Wood,719.781240501889,34.059164566581345,21,Low,No,Low
Concrete,725.358371184988,48.72949276133709,21,High,Yes,Low
Steel,604.6607365114256,70.30334646498076,10,Medium,Yes,Medium
Concrete,811.1286762589494,89.42073025939912,17,High,No,Low
Wood,948.6913644436349,73.63310403479522,5,High,Yes,Low
Wood,492.29425045735115,88.43341699338161,13,High,No,Low
Concrete,1385.4714605115748,43.87747034236483,45,Medium,Yes,Medium
Steel,1398.9874000724408,33.54839792523951,35,Medium,No,Medium
Steel,1127.637048601149,22.47546135490483,5,Medium,Yes,Medium
Steel,379.401157173511,99.41564268782984,31,High,No,Low
Steel,605.0136726733008,84.79304320813597,46,Low,No,Low
Steel,518.5283932966977,57.46398128895705,24,High,Yes,Low
Concrete,1408.1019752972725,56.994350207014044,42,High,Yes,Low
Wood,1040.04269554661,83.37413040724314,17,Medium,No,Medium
Concrete,1374.7952187067553,58.804530454853456,15,High,Yes,Low
Concrete,1416.1360056196902,69.004601068063,12,High,Yes,Low
Concrete,1045.0119967516607,79.66224262069451,24,Low,No,Low
Concrete,450.46690255051163,55.17852441895002,9,Medium,Yes,Medium
Wood,1239.3968652672356,18.984910022471304,29,Medium,No,Medium
Steel,238.752579913956,85.8051725938616,23,Low,No,Low
Wood,1112.3242533981734,13.293225623963384,46,High,No,Low
Steel,1347.085281868781,24.45617010376811,43,Low,No,Low
Concrete,638.9650131259334,84.73965006763657,15,High,No,Low
Concrete,192.71137583267586,48.28861371612261,37,Medium,Yes,Medium
Concrete,1304.157573510775,15.47270502337167,48,Low,Yes,High
Concrete,1425.2348851000336,30.30108749282303,24,High,Yes,Low
Wood,846.0425535993608,54.10643590856215,24,Low,Yes,High
Steel,362.0201153644838,47.71741989902841,21,High,Yes,Low
Concrete,311.8753510732126,35.72940881220106,30,Medium,Yes,Medium
Steel,796.765667396002,79.11505941168089,10,Medium,No,Medium
Steel,757.930656647134,95.53850635220438,23,Medium,Yes,Medium
Concrete,248.92731286061957,73.71447881487737,21,High,Yes,Low
Wood,298.46344995346294,28.560723419973883,29,Low,No,Low
Steel,490.5274871429211,31.71114456175864,24,Medium,No,Medium
Concrete,676.9322169848522,12.681489643536384,12,Low,Yes,High
Wood,988.5895605832682,77.56929402449303,16,Medium,No,Medium
Wood,1463.8058136480959,86.05800437362961,40,High,No,Low
Steel,349.8602294330349,78.25430049499207,14,Medium,Yes,Medium
Steel,590.0151554795873,34.788250826400755,7,Medium,Yes,Medium
Wood,175.9127394934571,74.37956641645354,48,Low,No,Low
Concrete,1465.8989390513298,49.758507602174525,31,Low,No,Low
Concrete,463.977991402658,50.64751540285994,45,Medium,Yes,Medium
Steel,1269.3107680849741,77.29556911269826,32,High,Yes,Low
Concrete,1290.6648802234245,99.95800977009628,41,High,No,Low
Wood,1361.9815947916084,86.62148057147714,28,Medium,No,Medium
Wood,970.4894933942138,17.917685410629538,38,High,Yes,Low
Wood,1347.7726287600274,56.61461196426539,47,High,Yes,Low
Steel,1475.1406413470977,36.15236791638942,14,High,No,Low
Wood,1094.4467490953887,56.20229797065924,5,Low,No,Low
Concrete,178.0685041610084,77.49683066112719,7,Low,No,Low
Concrete,304.03241576523965,54.79001375838767,31,Medium,No,Medium
Concrete,664.7976235279142,18.332179866309247,28,High,Yes,Low
Concrete,948.0430531731076,57.66860295747767,13,High,No,Low
Steel,1014.2198221295839,65.14102928570182,47,Medium,No,Medium
Steel,307.81994822376885,42.55363660448087,42,Low,No,Low
Concrete,513.4804279603576,65.43483215409813,42,Low,Yes,High
Concrete,558.8809051591563,10.329141458372543,23,Medium,Yes,Medium
Wood,698.8513478419627,73.25790327944102,23,High,No,Low
Concrete,1490.0266404406268,13.692308556074067,48,Medium,No,Medium
Concrete,1188.3260286688471,65.3873357708415,39,High,Yes,Low
Concrete,568.0817630098592,34.82337487012313,18,High,No,Low
Wood,820.4541429413345,92.6332600263472,22,Medium,No,Medium
Concrete,705.4296323530851,77.66648693099239,18,Low,Yes,High
Concrete,551.9035345810223,24.718436362984153,31,Low,No,Low
Steel,556.0669449107947,47.48609467947152,26,Medium,Yes,Medium
Concrete,1028.0543523487268,67.03582871276666,44,High,No,Low
Wood,746.1986082922048,18.74637706912154,22,Medium,Yes,Medium
Steel,280.1771544462319,42.75513801186642,47,Low,No,Low
Concrete,1271.5295224622141,52.3553905420362,15,High,Yes,Low
Wood,977.7454638397328,45.10938240600689,41,High,No,Low
Wood,227.0100715537147,41.18595059154815,22,High,No,Low
Concrete,462.58533300426524,20.321530731592752,5,High,Yes,Low
Concrete,1002.6009606026995,78.53090430287136,34,Low,No,Low
Concrete,665.0021225071555,19.812493897528636,25,Medium,No,Medium
Steel,355.0460582438982,63.83434545895497,15,High,No,Low
Wood,1364.0243328620502,87.75617432599027,46,Medium,No,Medium
Wood,1226.3062940761663,57.85730062624969,19,Medium,No,Medium
Wood,1186.971248557039,98.22850407347876,12,Medium,No,Medium
Steel,1482.2585969722256,12.5247540014559,15,Medium,No,Medium
Steel,666.9207564559102,18.2569722290343,27,High,No,Low
Wood,1293.803720798475,40.84736582339683,41,High,No,Low
Steel,596.6286867618273,48.63171953381729,33,Low,No,Low
Concrete,665.9484154326433,46.29945355485174,43,High,No,Low
Steel,540.8107427566673,81.54101148503324,7,Medium,No,Medium
Steel,916.5874295635901,80.29125326784848,37,Medium,Yes,Medium
Concrete,1498.6873213142671,53.1710558729146,15,Low,Yes,High
Steel,1109.4544151412442,21.706386131788975,40,Medium,No,Medium
Concrete,1061.679771472363,49.43908074425015,13,Low,Yes,High
Steel,407.39702762379255,52.27995979979578,31,High,No,Low
Steel,1321.8807241635297,62.82230493742857,44,High,No,Low
Wood,793.6251665651483,87.00325883939317,18,Medium,Yes,Medium
Concrete,1313.634558300613,80.09781470488346,34,High,Yes,Low
Concrete,517.9058892783205,76.05988727241265,15,Medium,Yes,Medium
Steel,203.76399497639048,21.005806932298086,14,High,Yes,Low
Steel,334.82520589079354,84.3503258937169,31,Medium,Yes,Medium
Steel,768.99363395994,77.35142431479915,12,Low,Yes,High
Wood,1227.591360500252,38.47538499587179,40,High,Yes,Low
Steel,810.7007960725034,64.47550285529232,21,High,Yes,Low
Steel,1408.7597845345636,61.46714373774856,13,High,No,Low
Wood,289.8422746609717,22.45680304782001,27,Low,No,Low
Concrete,485.5720451407176,90.19499118507676,30,Medium,Yes,Medium
Wood,656.0890254406368,95.0384799967399,49,High,Yes,Low
Concrete,366.3799802946337,81.86466572915738,25,Low,Yes,High
Wood,1064.1030488547244,74.34818990025434,46,Low,No,Low
Wood,600.8852483715625,90.38579674433915,44,High,Yes,Low
Wood,288.81926801912675,73.51538805477652,28,Low,No,Low
Concrete,398.7363185713417,28.93688121973021,35,High,Yes,Low
Steel,454.7300804864362,44.61230903470107,8,High,No,Low
Wood,414.7725888567109,46.12606909990086,18,Low,Yes,High
Concrete,1373.3706057525235,95.3498074489109,22,High,Yes,Low
Steel,730.7108095913412,63.3417061642686,48,Medium,Yes,Medium
Steel,1375.2462615522074,91.7379393905708,29,Medium,Yes,Medium
Concrete,1256.199322332083,75.08969589629613,11,Low,Yes,High
Wood,879.6729661316415,83.81066197167127,16,High,No,Low
Concrete,596.1241465198516,70.89588559295751,22,High,Yes,Low
Wood,1340.1667043253456,62.02179766770203,6,High,Yes,Low
Steel,1303.041235587165,61.77621519550608,12,Medium,Yes,Medium
Wood,932.772245720295,11.659063202927799,32,High,No,Low
Steel,1482.5074341363054,28.037930790475265,46,Low,Yes,High
Wood,283.7713123577372,79.27100037895802,13,High,Yes,Low
Concrete,843.9271442647403,24.059421465381384,47,Medium,Yes,Medium
Wood,696.1538016544968,38.29506951564069,21,High,No,Low
Steel,1117.2064967497004,58.90517713851689,21,High,Yes,Low
Concrete,744.3606329058891,36.67124015673477,49,High,Yes,Low
Wood,411.48024582865105,34.99209798659331,42,High,No,Low
Concrete,1090.2170473771212,94.79200734190727,5,Low,Yes,High
Concrete,1128.8258163262456,58.40503575481765,48,High,Yes,Low
Steel,678.2959814141932,90.67643726364383,28,Medium,No,Medium
Wood,841.5894005678294,15.556192834392801,17,Low,Yes,High
Concrete,967.4718644906151,36.90559896485259,49,High,Yes,Low
Steel,833.251947001895,73.84046023439991,33,Medium,Yes,Medium
Steel,559.5883744625066,83.17151617123315,42,Low,Yes,High
Steel,150.8654958167096,74.72054185262633,34,Medium,No,Medium
Steel,167.65828380799363,21.653394866156496,11,Low,Yes,High
Wood,963.6890028708332,38.54256663020171,40,Low,Yes,High
Steel,1285.5446845933955,63.9069112755719,31,Low,No,Low
Concrete,487.89334987927987,41.393751609448636,18,Low,No,Low
Wood,174.21180062677146,97.70415205871227,24,Low,Yes,High
Concrete,953.2884229733855,90.06822344057194,16,High,No,Low
Wood,873.8199031567352,79.396912375899,13,Medium,Yes,Medium
Steel,1202.5350772574704,17.29737790579172,44,Low,No,Low
Concrete,501.1220678160526,59.11277654708685,28,High,Yes,Low
Concrete,454.7960281858486,37.06151161948606,20,Medium,No,Medium
Wood,1331.9346073994532,20.40756682083699,19,High,No,Low
Steel,417.7862393746295,13.235787815254223,36,Medium,No,Medium
Wood,661.7629682490583,25.41740049702031,7,Low,No,Low
Steel,1014.432167552739,66.09208695150346,39,Medium,No,Medium
Steel,692.1699042159753,45.42575970459873,44,Low,No,Low
Concrete,607.3133413197445,36.81477157109321,10,Low,Yes,High
Concrete,254.75704686089594,57.01172510423545,44,Low,No,Low
Steel,557.1136160604686,39.82156237105907,34,High,Yes,Low
Wood,213.80252049988206,56.031129247686046,47,Low,Yes,High
Steel,903.3534326005855,79.76111581591931,36,Medium,Yes,Medium
Steel,1442.0544281162295,22.362988146799037,39,Medium,Yes,Medium
Concrete,878.3276870591875,16.305948801674774,37,Medium,No,Medium
Concrete,1213.4733868037013,33.3571941144596,9,High,No,Low
Concrete,1101.5610190809984,43.8914159260159,11,Medium,Yes,Medium
Concrete,258.66961577865044,61.39679964833615,36,Low,No,Low
Steel,1382.9135332295311,41.84058881176099,28,Medium,Yes,Medium
Steel,1447.4685834380728,18.2126713798083,25,High,No,Low
Steel,703.2943046926713,51.059523841063985,8,Medium,No,Medium
Wood,1451.7608877090895,92.96709068319794,9,High,No,Low
Steel,852.910069973059,96.78052732657503,42,Low,Yes,High
Wood,198.97040099232387,46.82593955812441,15,Low,Yes,High
Steel,420.66553498610534,83.73797541273908,36,High,No,Low
Concrete,695.3750853694216,66.0207026794617,38,Low,Yes,High
Concrete,803.3640183171129,74.25214283674553,7,Low,No,Low
Wood,1144.3394936998034,99.22222860220424,45,High,No,Low
Wood,596.1652762038959,40.10103198049211,6,High,No,Low
Concrete,1244.2878139425825,19.598514183154002,18,Medium,Yes,Medium
Wood,1496.7080091483222,83.6223199696624,37,High,Yes,Low
Wood,180.35480435511778,52.68924171816476,37,Medium,Yes,Medium
Concrete,1349.2675019613953,60.55963498967821,25,Low,No,Low
Concrete,310.7571740015286,27.559502910251567,41,Medium,No,Medium
Steel,810.9732301535009,14.984365043907559,7,Low,Yes,High
Concrete,1162.921729969491,20.686914427113532,14,Low,No,Low
Wood,1107.8203957652568,73.17381201464853,41,Low,No,Low
Steel,1411.3616129410439,38.853946426249465,46,High,No,Low
Concrete,838.2910621446932,39.13948415295508,25,Medium,No,Medium
Concrete,367.86162795175346,85.8976792961704,9,Low,No,Low
Steel,1476.3901981194588,54.53806892760871,43,Low,No,Low
Wood,1499.939959666454,22.499380719126425,24,Medium,Yes,Medium
Steel,1292.2672765490088,11.61174297963407,33,Low,No,Low
Steel,1367.9833347778026,82.3982439880413,32,Medium,Yes,Medium
Concrete,295.69766711247473,58.27626070042426,43,High,Yes,Low
Wood,709.4202110244378,90.20949050844467,21,Low,No,Low
Wood,878.1815535935489,77.90135415139564,38,Medium,Yes,Medium
Concrete,427.22576765940846,49.92593931331596,45,High,Yes,Low
Steel,973.2417980942168,38.92869284732262,15,Low,No,Low
Steel,916.119119819446,54.08602175858542,7,Medium,No,Medium
Steel,168.56772357716667,37.02278720661019,39,High,Yes,Low
Concrete,1026.2422140742374,38.15620873164809,42,Low,No,Low
Wood,423.6242387222413,64.83225158529277,11,Medium,No,Medium
Steel,1337.3123309274404,17.90557888079276,25,High,Yes,Low
Concrete,987.0597128553185,38.17289993791354,38,Low,Yes,High
Steel,1475.5012524186677,62.01573142044967,35,Low,No,Low
Wood,869.9242761807227,43.523951410023734,22,High,No,Low
Steel,981.2470237558734,83.73930675414336,11,Low,No,Low
Concrete,780.0427467635926,86.43495896749914,5,High,Yes,Low
Steel,453.2277726841982,50.75465934191287,14,Low,Yes,High
Steel,1382.4354972834801,33.54664496568907,20,High,No,Low
Steel,639.2415478177463,32.757584986059626,36,Low,No,Low
Concrete,1264.298867096273,29.74081040371441,19,High,Yes,Low
Steel,496.05588411477504,73.40430298256362,44,High,No,Low
Steel,698.5462625490272,34.54181240715127,11,High,No,Low
Wood,1458.3023968085995,12.641498272464403,37,High,No,Low
Concrete,803.934145653179,50.66767646982847,42,Medium,Yes,Medium
Wood,1312.4806728195178,79.26416740202833,11,High,Yes,Low
Concrete,1445.9252591820116,63.08234873425418,43,Low,Yes,High
Steel,998.6141472826827,62.14436921618528,43,High,No,Low
Wood,1461.0868000581622,71.07591843060726,47,Low,Yes,High
Wood,415.866993528438,30.208767991864146,5,Low,Yes,High
Steel,299.8830274271017,29.36108187354835,11,Medium,No,Medium
Concrete,1406.2811635646199,18.800274645530614,29,Medium,Yes,Medium
Concrete,1258.5577863699039,71.72939629254705,12,Medium,Yes,Medium
Wood,1234.4042376817547,59.824986741780066,23,Low,Yes,High
Concrete,480.4781744442133,77.2737586131641,49,Low,Yes,High
Wood,536.3192930236993,98.73941659931032,6,High,No,Low
Steel,981.4702398585001,66.24577149429089,24,High,No,Low
Concrete,1176.0185115881013,46.44055385097608,15,Low,Yes,High
Steel,1323.090686930408,65.19660187575052,23,High,Yes,Low
Wood,406.1064877761165,62.06259196388341,20,High,No,Low
Concrete,949.9544112342198,93.18619276350317,34,Medium,No,Medium
Wood,1203.329172530306,79.09143631704644,21,Medium,No,Medium
Steel,886.2911825546319,48.19490037246106,23,High,Yes,Low
Wood,1388.2351522758468,25.540598878078796,12,Low,Yes,High
Steel,232.01485784924466,87.8179606278168,18,Low,Yes,High
Concrete,749.7658737117813,84.40521650047558,43,Low,Yes,High
Wood,444.13897693411496,13.80637774854297,12,Medium,No,Medium
Concrete,1228.2063699441635,32.225485695518145,12,Low,Yes,High
Steel,1031.138781848847,24.65585927619686,36,Low,Yes,High
Steel,1173.2773524575896,66.42024533766316,48,Low,No,Low
Concrete,473.70259610718523,32.549825934957155,24,High,Yes,Low
Wood,611.0601551611368,11.018925207524168,37,Low,Yes,High
Concrete,202.57695622801484,39.27674364539737,40,Low,Yes,High
Steel,653.3436773662311,22.743126911112206,37,Medium,No,Medium
Steel,1485.4526840539017,87.35490526958422,19,Low,Yes,High
Wood,1048.9176715480335,86.05027526257075,11,Low,No,Low
Wood,1059.904502597115,16.01694810787814,13,High,No,Low
Steel,952.2970067354574,16.162616622816707,40,Medium,Yes,Medium
Wood,725.8112719199208,94.31961843979306,9,High,Yes,Low
Concrete,205.79250517937928,42.108569675087914,18,Medium,Yes,Medium
Concrete,670.7932610666809,38.253263115455674,13,High,No,Low
Steel,425.5027480927346,86.73341454810716,27,Medium,Yes,Medium
Wood,732.1689299935937,80.39813293157009,29,Medium,Yes,Medium
Concrete,780.8111683674566,46.103398854148345,12,Medium,No,Medium
Wood,1220.0305629444547,11.018814592553936,10,High,Yes,Low
Steel,280.1334171199792,50.48958551187805,15,Medium,No,Medium
Concrete,829.1884081557098,96.79381640022649,14,High,Yes,Low
Steel,1074.7894052123725,97.80836804084026,40,Medium,No,Medium
Steel,177.2136402295619,39.10493129969568,38,High,Yes,Low
Concrete,1056.9736497039953,22.68939130088487,33,High,Yes,Low
Steel,1432.014669752381,86.69099769906792,28,High,Yes,Low
Wood,432.045318063532,74.84705620365796,30,Low,Yes,High
Concrete,833.0794322518079,39.01409459673427,35,High,Yes,Low
Concrete,1141.0979229987665,73.02571961824619,7,High,Yes,Low
Wood,824.2673395937248,48.554083604353664,29,Medium,Yes,Medium
Wood,577.320722434276,18.616777953391384,8,High,Yes,Low
Steel,1142.0787743554974,68.40234654394504,13,High,Yes,Low
Concrete,1314.5342459500828,40.3469530360116,38,Low,No,Low
Concrete,1328.1104127054393,27.21090304832938,45,Medium,No,Medium
Concrete,659.1117010879466,46.82885718938632,29,High,Yes,Low
Wood,327.16464566160437,56.88290927587962,37,High,Yes,Low
Steel,273.87962208718676,36.96177049763044,28,Medium,No,Medium
Wood,963.5857323385932,19.72886588903043,34,High,No,Low
Wood,239.05210119195135,40.272212725402056,7,Medium,Yes,Medium
Concrete,817.5079453973258,43.77068898648857,6,High,No,Low
Concrete,373.940520696294,45.611314322921345,30,Medium,Yes,Medium
Steel,1334.2265917632078,68.40378571314216,26,Low,No,Low
Steel,1463.5752979286156,62.91077635244541,39,Medium,No,Medium
Steel,744.6044429257106,63.6429363666823,20,Medium,No,Medium
Concrete,1143.839632678606,77.03629725708892,22,Medium,Yes,Medium
Wood,383.3550484488391,80.16045499913639,37,High,Yes,Low
Steel,279.9030382361727,21.565863011366165,31,High,Yes,Low
Wood,849.9373876417997,58.65807939024737,10,Low,Yes,High
Wood,855.2381593192762,32.72546696482661,49,Medium,No,Medium
Wood,1329.2968416872752,81.5373969010625,18,Low,Yes,High
Concrete,421.18825422918644,21.943723565217304,7,Medium,Yes,Medium
Steel,407.7267038417799,71.30498565546776,31,High,No,Low
Concrete,475.71609765436733,18.211316153973456,31,High,Yes,Low
Wood,1016.781144910108,10.350102960436251,32,Low,No,Low
Wood,493.69002154849005,86.44861657273374,38,Low,Yes,High
Steel,469.5135995069526,63.28057410175298,30,Medium,Yes,Medium
Wood,1277.8563270880807,89.89541172221618,29,Medium,Yes,Medium
Steel,735.0103399069977,23.39963426314899,20,Medium,Yes,Medium
Concrete,1436.7041479304673,92.08343082736393,39,High,Yes,Low
Steel,1138.7222915865973,45.97727552030505,22,Low,Yes,High
Concrete,529.4223817386496,73.71890303161489,18,Medium,No,Medium
Concrete,1369.486162351739,69.69603955704801,18,Low,Yes,High
Concrete,1267.4715924524194,97.82644812105563,33,Medium,No,Medium
Concrete,305.7261438753996,73.16229689642324,38,Low,No,Low
Concrete,1160.0600648433765,61.76110815413992,12,Low,Yes,High
Wood,897.4311673640443,57.305546444786955,31,Medium,Yes,Medium
Wood,533.2639894055744,25.867999021763076,14,Low,No,Low
Wood,1302.5880664796264,80.8270727639491,45,High,Yes,Low
Steel,365.28355798395296,81.3739257854686,48,Medium,Yes,Medium
Wood,284.75189613175564,84.87880028892864,19,High,Yes,Low
Concrete,1363.4373974275468,21.796093722053257,45,High,Yes,Low
Concrete,663.9392728102945,58.816620815013195,48,Low,No,Low
Concrete,1353.7631816136995,70.94500308206145,19,High,Yes,Low
Steel,448.5762226892552,93.27749053340807,42,High,Yes,Low
Steel,1446.7323023760005,82.9719764520472,12,High,No,Low
Wood,473.18799755349266,32.18266392895714,35,Medium,No,Medium
Wood,1203.1883000623352,29.300311775565653,7,Low,Yes,High
Concrete,1158.7010764472911,76.54309438852135,37,Low,No,Low
Steel,1013.9290126454074,76.32830851859956,43,Medium,No,Medium
Steel,323.50133945757375,76.13407229008367,6,Medium,No,Medium
Steel,1462.2287919900032,33.28458700575648,14,Medium,Yes,Medium
Steel,752.202511939761,70.75388334958532,26,High,Yes,Low
Steel,698.2137663904448,36.65238995874448,14,Medium,No,Medium
Concrete,297.41414920596355,50.95035963303138,19,Medium,Yes,Medium
Concrete,550.8544948369173,29.86907635187922,32,Medium,Yes,Medium
Steel,1342.7698670446284,48.38478423571773,23,Medium,No,Medium
Concrete,866.5446892372448,38.08189348905768,36,Medium,Yes,Medium
Concrete,1158.9229901261494,31.60084015083618,39,Medium,Yes,Medium
Concrete,738.8812994191715,95.53590902956608,31,Medium,No,Medium
Concrete,1290.7287012972567,88.05871906815057,30,High,Yes,Low
Concrete,1105.1619387338956,75.79699840147433,49,Medium,Yes,Medium
Steel,956.4041126626695,96.84656605618967,32,Low,Yes,High
Wood,961.234764734653,91.71860802504906,22,Low,No,Low
Steel,234.01459347289028,95.12822092926416,31,High,Yes,Low
Steel,338.97581751254785,45.92542884826359,37,High,Yes,Low
Steel,1117.8082315134043,60.06562697250763,14,High,No,Low
Wood,1179.2394811347524,39.43777432464192,48,Medium,Yes,Medium
Wood,278.31573036140423,28.07339512490447,7,High,Yes,Low
Steel,919.3696872391486,33.52798850236616,12,High,Yes,Low
Steel,654.2278288312827,15.466163530980694,46,Medium,Yes,Medium
Wood,1185.7608145926251,83.62897872119669,39,Low,Yes,High
Wood,1161.6713594229013,24.184289410132735,45,Medium,Yes,Medium
Concrete,662.1667991219052,75.24495451405302,31,Medium,Yes,Medium
Steel,546.2682137750215,55.64955516439393,38,Low,Yes,High
Concrete,189.37942492112933,34.08180896846983,18,Low,Yes,High
Concrete,392.8617879072454,44.83845104959096,35,High,No,Low
Wood,356.34554666596466,82.25537361194881,29,High,No,Low
Concrete,574.6988304482502,48.594118889351755,41,Medium,Yes,Medium
Concrete,1106.4358074773572,64.9377581901646,43,Medium,No,Medium
Wood,1208.8085395812516,41.16943657594723,42,Medium,No,Medium
Wood,173.60621826194608,20.570185716218425,46,High,No,Low
Steel,1347.2338420813378,98.2336732608588,39,High,Yes,Low
Steel,1330.415906787027,98.79604916265397,5,Low,No,Low
Steel,691.5683842751713,58.31291066602373,27,High,No,Low
Wood,206.3953777290344,32.19957185703534,43,Medium,Yes,Medium
Wood,943.4933939130357,88.89070086556731,41,Low,No,Low
Concrete,744.6041152410545,91.31504204279541,23,Medium,No,Medium
Concrete,744.8491905787937,61.3889855453368,31,Medium,No,Medium
Wood,317.93430143691455,53.88130293556155,30,Medium,No,Medium
Steel,545.6198316861564,26.257633843591982,44,Medium,No,Medium
Steel,953.2733549151084,71.66743987319222,13,Medium,No,Medium
Concrete,989.2273464203807,91.20405179460278,18,High,Yes,Low
Steel,365.0757988025545,50.51871689716176,12,Low,Yes,High
Wood,1306.6274062244493,81.57554065760785,27,Low,No,Low
Steel,372.770087368364,27.966809385980092,24,Low,Yes,High
Steel,758.1826878049405,13.013000295892994,23,High,Yes,Low
Concrete,189.6817572751125,15.158152093334175,48,Low,Yes,High
Wood,1198.8271979411131,22.62151802580793,45,Low,Yes,High
Wood,1409.2988416898188,59.528695374794076,34,High,No,Low
Concrete,1084.356532317194,90.36145001324235,27,Low,No,Low
Concrete,956.822049920677,13.170864594008242,18,High,No,Low
Concrete,830.363809380234,55.675792999978256,31,High,Yes,Low
Wood,213.34229473312115,29.853723175262058,20,Medium,Yes,Medium
Wood,964.4281110276169,51.81616937557699,6,High,No,Low
Concrete,1091.212714177498,77.9487650273634,10,Low,No,Low
Wood,1129.5163154751476,37.127772102497275,25,Medium,No,Medium
Concrete,354.00095166887866,52.62146825066278,19,Medium,Yes,Medium
Wood,783.8864400543864,16.37981524881289,9,Low,Yes,High
Wood,1288.7809497841565,39.67565429413745,8,High,No,Low
Steel,858.3331938424167,44.50437497744357,24,Low,No,Low
Steel,395.8213268412764,85.8839423244905,31,Low,Yes,High
Wood,623.5345099929104,91.24736018689696,35,Medium,Yes,Medium
Concrete,1349.2560354188117,54.34798569373373,9,Medium,Yes,Medium
Steel,899.6159795146116,74.22849972958204,29,Low,Yes,High
Steel,964.3486862845671,28.373190302270064,12,Medium,No,Medium
Steel,927.5168821305899,25.510659520460955,40,High,No,Low
Steel,660.6196686009441,27.851739110859853,32,Low,No,Low
Wood,1043.6806089047195,24.06710233227868,7,Medium,Yes,Medium
Concrete,1432.542156863036,24.189407355334815,38,Low,No,Low
Steel,551.1178592047568,17.50752108130561,31,Low,No,Low
Concrete,825.5650982322749,21.454264813580792,45,High,Yes,Low
Steel,1238.5766888892729,17.14002420005774,35,Medium,Yes,Medium
Concrete,1194.1341735741817,62.30239216210108,20,Medium,Yes,Medium
Steel,239.54133148749398,55.561069958599575,38,Low,Yes,High
Concrete,1382.6802836466259,52.897138225213716,5,High,Yes,Low
Steel,945.3886727210293,73.33979363444405,39,Medium,Yes,Medium
Steel,742.7323269567609,73.25182385855547,8,Low,No,Low
Wood,921.2452393328638,66.11494381774448,35,Medium,No,Medium
Wood,261.34291787437536,40.45262399847483,6,Medium,Yes,Medium
Steel,935.1181067387482,92.39762467257398,7,High,Yes,Low
Wood,888.0535861772918,35.55851802068128,36,High,Yes,Low
Wood,652.9734142285595,38.053483867813604,11,Medium,Yes,Medium
Wood,862.6347843469555,76.94732002574683,9,Medium,Yes,Medium
Steel,655.1207151329211,78.15843128378054,44,Low,No,Low
Wood,924.3962023906861,95.85324998952716,38,High,No,Low
Wood,321.4261547134978,62.99041882079627,24,Medium,No,Medium
Steel,460.3782366099314,91.57224065421065,19,High,No,Low
Wood,1073.008014596741,26.918448001314598,41,High,Yes,Low
Wood,1297.363475377956,53.886415201332674,34,High,Yes,Low
Steel,548.2585440056146,71.20896883817198,43,High,Yes,Low
Steel,732.2852510559679,58.212569459111315,44,High,No,Low
Concrete,1090.832515889755,58.79437831398684,38,Medium,No,Medium
Steel,802.0809989493198,75.040658325367,23,Medium,Yes,Medium
Steel,529.9058020925431,72.89947643720049,41,High,Yes,Low
Wood,714.6719743683277,25.93740740598097,21,High,Yes,Low
Steel,327.1555381404794,65.0548903413901,45,Low,Yes,High
Steel,269.69851233765417,71.11770138476163,37,Medium,Yes,Medium
Wood,871.294219099355,21.555447176885103,31,Medium,No,Medium
Steel,1384.0240487775407,75.5949498687679,30,Medium,No,Medium
Concrete,887.9055164346391,12.391424708411336,14,Medium,No,Medium
Wood,1381.9656323564745,77.91636051047394,44,Medium,Yes,Medium
Concrete,575.9067744904753,30.084829934228992,45,Medium,Yes,Medium
Steel,605.9115877189984,12.992931016634143,44,Medium,No,Medium
Wood,1052.9985208049109,13.446499870574597,39,Low,No,Low
Steel,867.4006163936916,27.447738220004297,40,High,Yes,Low
Wood,1332.901896794966,21.741207179054292,32,High,Yes,Low
Steel,1084.0912768569092,60.82467742650562,18,High,Yes,Low
Concrete,923.5712507920298,78.79028368287548,16,Low,Yes,High
Concrete,244.39880456539333,58.579725931114595,39,Medium,No,Medium
Wood,1459.9071018507984,37.62713915278517,28,Medium,No,Medium
Wood,643.9110870788654,20.10549733770732,16,Medium,Yes,Medium
Wood,1014.5484549086314,65.61338551652727,21,High,Yes,Low
Wood,615.5799413565003,65.4716144332116,15,Medium,Yes,Medium
Concrete,1030.1447148565294,78.41735944363577,38,Low,Yes,High
Steel,699.468797793553,63.46021995075257,8,Low,No,Low
Wood,296.63945612983053,29.69805450693781,25,Low,No,Low
Wood,276.17835882847186,11.802887083391518,19,Medium,Yes,Medium
Concrete,336.54456484864954,37.90177131271768,17,Medium,No,Medium
Wood,1295.7485340012122,40.473644537493044,48,Medium,No,Medium
Wood,997.2276569268652,70.15171657035543,8,Low,No,Low
Steel,210.2517479295819,22.368823405837432,31,Low,No,Low
Wood,292.0169079337702,42.46190544687268,30,Medium,Yes,Medium
Concrete,558.2320556757638,64.11208486654225,42,Low,No,Low
Steel,1424.8611370787228,67.56063380136497,9,Low,No,Low
Concrete,1122.5087545850056,72.19068888799535,5,Low,Yes,High
Steel,275.72077992317054,23.011261543631946,41,High,No,Low
Concrete,992.8619943603692,13.438110287969648,43,Medium,Yes,Medium
Wood,589.0650638596842,33.41024476593438,27,Low,Yes,High
Wood,353.8646502078675,75.8536130325288,30,High,Yes,Low
Wood,229.55168304752536,88.1265036504346,43,High,Yes,Low
Concrete,1188.109038690197,19.656023511371938,27,High,Yes,Low
Wood,778.1871171883063,39.23904164586891,38,Low,Yes,High
Steel,1172.5245747277372,99.71502630299688,45,High,No,Low
Wood,1443.6078182130784,85.53595859423535,17,High,No,Low
Concrete,1122.6756882723525,20.288743959175058,42,Low,No,Low
Concrete,285.1722832216217,23.40689681995058,31,High,No,Low
Concrete,246.90922533806793,87.61819412556028,27,High,Yes,Low
Steel,899.9762247639145,66.97126505016807,20,Low,Yes,High
Concrete,276.1553985777829,79.02577360146863,11,High,No,Low
Wood,1094.1086650075758,24.433829758061357,40,Medium,No,Medium
Wood,1021.0874169557535,27.11654299481717,20,High,No,Low
Wood,1103.6526275797137,89.07731590955036,39,Low,No,Low
Concrete,1197.5634330909843,61.431964675823295,49,Medium,Yes,Medium
Concrete,1333.771026907056,91.14193220575332,45,Low,No,Low
Steel,518.903434310204,97.0560820295183,17,High,Yes,Low
Concrete,1197.0112151045441,42.74952788763417,26,Low,Yes,High
Wood,302.75785025923165,31.471746137206562,28,Low,No,Low
Steel,1086.2000868672553,75.52432844342954,31,Low,Yes,High
Concrete,1129.5339365828522,16.43257889899941,26,Low,Yes,High
Concrete,665.6677003378979,25.190222696784335,19,Low,Yes,High
Steel,178.3719544689486,82.53367900598835,37,Low,Yes,High
Concrete,1276.1180982867197,98.96206264552042,26,Low,No,Low
Wood,1435.4239048192167,77.84933111245141,25,High,Yes,Low
Steel,1289.8404511671579,52.4099917671102,41,Medium,No,Medium
Concrete,693.8023053990407,45.68782485632632,48,Low,Yes,High
Steel,738.3044268430446,37.11979078584745,27,Low,Yes,High
Concrete,1160.109240702192,35.91120742012335,27,Low,No,Low
Concrete,1267.0338840052332,81.9245809567375,19,High,Yes,Low
Concrete,834.1264727386196,62.802750248954915,45,Low,Yes,High
